id;nom;prenom;telephone;email;adresse;age;photo;photo_content_type;poste;salaire;date_embauche
1;Provence-Alpes-Côte embrace;Streamlined;0389277626;Cleste40@yahoo.fr;Beauty compress;48415;../fake-data/blob/hipster.png;image/png;Grocery;99308;2022-07-31
2;online state;FTP Table;0723913559;Amant.Richard53@hotmail.fr;Account;36249;../fake-data/blob/hipster.png;image/png;envisioneer Île-de-France Cambridgeshire;62715;2022-08-01
3;Universal copying c;Grass-roots Music;0208330546;Nathalie_Richard23@hotmail.fr;e-tailers;76836;../fake-data/blob/hipster.png;image/png;Extended Designer;61358;2022-08-01
4;Handcrafted;interface;+33 681988790;Aquilin_Morin@gmail.com;Operative deposit deposit;93382;../fake-data/blob/hipster.png;image/png;contextually-based Metal lime;98871;2022-08-01
5;Libyan;Fresh generation Handcrafted;0212375500;Prosper.Laurent@hotmail.fr;Robust plug-and-play Money;69770;../fake-data/blob/hipster.png;image/png;deposit;71715;2022-08-01
6;Mouffetard FTP proactive;Sum Ergonomic;0286741651;Esther41@gmail.com;Generic RAM withdrawal;77366;../fake-data/blob/hipster.png;image/png;haptic du;60183;2022-07-31
7;a Quetzal;index;+33 526721053;Doriane_Roussel@gmail.com;orange Wooden;51327;../fake-data/blob/hipster.png;image/png;real-time;19271;2022-08-01
8;c Gloves projection;Card morph sensor;+33 783650002;Nomie_Adam38@hotmail.fr;deposit l'Odéon;31636;../fake-data/blob/hipster.png;image/png;Baby Technicien;36968;2022-07-31
9;Soft;Gorgeous Mouse Managed;0226903678;Antonine41@hotmail.fr;payment;66803;../fake-data/blob/hipster.png;image/png;tan sensor Nakfa;48841;2022-07-31
10;payment;withdrawal;+33 693129685;Alcibiade67@yahoo.fr;hack;47637;../fake-data/blob/hipster.png;image/png;Assistant;90783;2022-08-01
