id;nom;prenom;telephone;email;adresse;age;photo;photo_content_type;entreprise;fax;ice
1;Pound c override;withdrawal plum Directeur;0682202480;Savin_Riviere37@gmail.com;transmitter Inde;30285;../fake-data/blob/hipster.png;image/png;hybrid input killer;Lorraine Checking Personal;help-desk back
2;c;Checking plug-and-play b;0196413603;Jocelyn94@hotmail.fr;Specialiste;24715;../fake-data/blob/hipster.png;image/png;Kids;panel channels Peso;Checking
3;Seine;deposit Electronics;+33 741351572;Jude.Giraud@gmail.com;Incredible morph Assistant;51290;../fake-data/blob/hipster.png;image/png;mission-critical;Baby a Berkshire;Nesle
4;Granite best-of-breed Bedfordshire;Auvergne;0722444010;Sandrine_Gerard@hotmail.fr;Loan invoice;71469;../fake-data/blob/hipster.png;image/png;Inverse system;Licensed Account generate;transmitter Îles
5;Avon metrics;Ergonomic c;0558374334;Amalthe.Julien@hotmail.fr;expedite primary;39772;../fake-data/blob/hipster.png;image/png;engine;monitor withdrawal magenta;Plastic Tuna 24/365
6;Keyboard Auto leading-edge;connect generate withdrawal;0492264237;Fleur57@gmail.com;Analyste;20660;../fake-data/blob/hipster.png;image/png;Loan open-source;invoice;6th Refined Yen
7;green a programming;transparent Account Pakistan;0258333483;Julien.Perrot@gmail.com;Steel Operative;47521;../fake-data/blob/hipster.png;image/png;Bacon;port;Practical withdrawal
8;Buckinghamshire Rubber hack;Technicien c;+33 446365173;Gabin.Bourgeois@gmail.com;Midi-Pyrénées Kip indexing;8251;../fake-data/blob/hipster.png;image/png;deposit client-server microchip;Cambridgeshire Île-de-France;Refined withdrawal strategy
9;Fantastic Franche-Comté silver;teal application bus;0269016746;Barthlemy24@hotmail.fr;Refined;80882;../fake-data/blob/hipster.png;image/png;Money;compressing;Frozen Account
10;solution redefine;Argentine;0101726833;Adle42@hotmail.fr;Account;87081;../fake-data/blob/hipster.png;image/png;Auvergne Business-focused Baby;redefine invoice;calculate Plastic Loan
