id;rue_address;code_postal;ville;state_province
1;Secured a;Tomé-et-Principe program Allemagne;magnetic;Soft Colombie
2;installation c generating;c;connecting;Gold harness
3;neural;e-markets Reverse-engineered a;Bedfordshire;Outdoors
4;pink;SCSI;Diverse;Fuerte Sports
5;17(E.U.A.-17) Frozen Ouzbékistan;analyzer;JSON open-source e-services;Mongolie Business-focused RAM
6;Analyste Azerbaïdjan;Generic;Soft impactful Pataca;deposit alarm
7;fuchsia Leu;Account Movies Saint-Dominique;Licensed c;connect Toys c
8;teal;methodologies;Refined Nigeria synthesize;digital withdrawal
9;Corse IB;de;utilisation du;b viral Investment
10;Zimbabwe viral approach;harness;c;Tasty la
